{"cameraMode":{"drawMode":0,"name":"Shaded","section":"Shading Mode"},"sceneLighting":true,"audioPlay":false,"sceneViewState":{"m_AlwaysRefresh":false,"showFog":true,"showSkybox":true,"showFlares":true,"showImageEffects":true,"showParticleSystems":true,"showVisualEffectGraphs":true,"m_FxEnabled":true},"in2DMode":false,"pivot":{"x":0.017307937145233156,"y":2.5486178398132326,"z":0.9669327139854431},"rotation":{"x":-0.4632755517959595,"y":-0.019406914710998536,"z":0.010150930844247342,"w":-0.8859506845474243},"size":17.482866287231447,"orthographic":false}